id,name,skill_icon,skill_damage_chushi,skill_damage_growth,skill_ad_chushi,skill_ad_growth,skill_ap_chushi,skill_ap_growth,skill_type,skill_ongoing,skill_sing_time,skill_cutdown,skill_cutdownif,skill_cd,attack_distance,aoe_radius
int,string,string,int,int,int,int,int,int,int,int,int,int,int,int,int,int
技能ID,名字,技能图标,技能初始伤害,每升一级增加伤害,ad初始系数,每升一级增加ad系数,ap初始系数,每升一级增加ap系数,技能类型,是否持续施法,施法吟唱时间,技能能否被打断,能否打断技能,技能冷却时间,攻击距离（精度*1000）,技能伤害半径（精度*1000）
20011,魔法吸吮,UI/huojinen01,1,45,0,0,300,30,1,2,,0,0,20,2000,0
20012,烈焰风暴,UI/huojinen02,1,0,0,0,0,0,1,2,,0,0,20,2000,0
20013,虚无,UI/huojinen03,1,20,100,10,0,0,1,2,,0,0,20,2000,0
20014,召唤火凤凰,UI/huojinen04,1,120,0,0,4000,400,1,2,,0,1,20,2000,0
20015,暴风雪,cxlr_skill2,1,0,0,0,0,0,1,2,,0,0,20,2000,0
20016,召唤水元素,lqs_skill1,1,35,0,0,1500,150,1,2,,0,0,20,2000,0
20017,辉煌光环,lqs_skill2,1,40,400,40,0,0,1,2,,0,0,20,2000,0
20018,群体传送,lqs_skill3,1,0,0,0,0,0,1,2,,0,0,20,2000,0
20019,风暴之锤,lqs_skill4,1,0,0,0,0,0,1,2,,0,0,20,2000,0
20020,雷霆一击,lqs_skill3,1,0,0,0,0,0,1,2,,0,0,20,2000,0
20021,重击,lqs_skill1,1,50,0,0,2500,250,1,2,,0,0,20,2000,0
20022,神圣之光,lqs_skill2,1,80,800,80,0,0,1,2,,0,1,20,2000,0
20023,神圣护甲,lqs_skill3,1,0,0,0,0,0,1,2,,0,0,20,2000,0
20024,专注光环,lqs_skill4,1,0,0,0,0,0,1,2,,0,0,20,2000,0
20025,疾步风,lqs_skill3,1,0,0,0,0,0,1,2,,0,0,20,2000,0
20026,致命一击,fw_skill1,1,180,7000,700,0,0,1,2,,0,0,20,2000,0
20027,镜像,fw_skill2,1,0,0,0,0,0,1,2,,0,1,20,2000,0
20028,剑刃风暴,fw_skill3,1,35,1200,120,0,0,1,2,,0,0,20,2000,0
20029,闪电链,fw_skill4,1,0,0,0,0,0,1,2,,0,0,20,2000,0
20030,透视,fw_skill4,1,15,15000,150,0,0,1,2,,0,0,20,2000,0
20031,野兽幽魂,ln_skill4,1,60,0,0,700,70,1,2,,0,1,20,2000,0
20032,地震,ln_skill2,2,40,400,40,0,0,1,2,,0,1,20,2000,0
20033,医疗波,ln_skill1,2,150,0,0,4000,400,1,2,,0,1,20,2000,0
20034,毒蛇守卫,ln_skill3,2,15,9000,90,0,0,1,2,,0,0,20,2000,0
20035,妖术,ln_skill3,2,15,9000,90,0,0,1,2,,0,0,20,2000,0
20036,巫毒,cz_skill3,2,180,0,0,6500,650,1,2,,0,1,20,2000,0
20037,震荡波,cz_skill4,2,80,0,0,3000,300,1,2,,0,0,20,2000,0
20038,耐久光环,cz_skill1,2,60,0,0,3000,300,1,2,,0,1,20,2000,0
20039,战争践踏,cz_skill2,2,15,15000,150,0,0,1,2,,0,0,20,2000,0
20040,重生,cz_skill2,2,15,15000,150,0,0,1,2,,0,0,20,2000,0
20041,法力燃烧,268,2,40,0,0,3000,300,1,2,,0,1,20,2000,0
20042,献祭,265,2,12,11250,112.5,0,0,1,,,,0,20,2000,0
20043,闪避,267,2,180,6000,600,0,0,1,,,,0,20,2000,0
20044,变身,266,2,150,5500,550,0,0,1,,,,0,20,2000,0
20045,纠缠根须,265,2,0,0,0,0,0,1,,,,1,20,2000,0
20046,自然之力,277,2,0,0,0,0,0,1,,,,1,20,2000,0
20047,荆棘光环,278,2,0,0,0,0,0,1,,,,0,20,2000,0
20048,宁静,280,2,0,0,0,0,0,1,,,,1,20,2000,0
20049,灼热之箭,279,2,0,0,0,0,0,1,,,,0,20,2000,0
20050,强击光环,279,2,0,0,0,0,0,1,,,,0,20,2000,0
20051,群星坠落,276,2,40,1000,100,1000,100,1,,,0,0,20,2000,0
20052,闪烁,275,2,0,0,0,0,0,1,,,0,0,20,2000,0
20053,刀阵旋风,274,2,0,0,0,0,0,1,,,0,0,20,2000,0
20054,暗影突袭,273,2,0,0,0,0,0,1,,,0,0,20,2000,0
20055,复仇之魂,275,2,0,0,0,0,0,1,,,0,0,20,2000,0
20056,穿刺,281,2,150,0,0,4000,400,1,2,,0,1,20,2000,0
20057,腐尸甲虫,284,2,60,1500,150,0,0,1,2,,0,0,20,2000,0
20058,蝗虫群,283,2,0,0,0,0,0,1,2,,0,0,20,2000,0
20059,尖刺外壳,282,2,0,0,0,0,0,1,2,,0,0,20,2000,0
20060,死亡缠绕,282,0,0,0,0,0,0,1,2,,0,0,20,2000,0
20061,死亡契约, ,0,0,0,0,0,0,1,,,,1,20,2000,0
20062,邪恶光环, ,0,0,0,0,0,0,1,,,,0,20,2000,0
20063,操纵死尸, ,0,0,0,0,0,0,1,,,,,20,2000,0
20064,腐臭蜂群, ,0,0,0,0,0,0,1,,,,0,20,2000,0
20065,睡眠, ,0,0,0,0,0,0,1,,,,0,20,2000,0
20066,吸血光环,62,0,80,0,0,800,80,1,2,,0,1,20,2000,0
20067,地狱火,61,0,0,0,0,0,0,1,2,,0,0,20,2000,0
20068,霜冻新星,60,0,200,5000,500,0,0,1,2,,0,0,20,2000,0
20069,霜冻护甲,59,0,0,0,0,0,0,1,2,,0,0,20,2000,0
20070,黑暗仪式,60,0,45,45000,450,0,0,1,2,,0,0,20,2000,0
20071,死亡凋零,323,0,0,0,0,0,0,1,0,,0,1,20,2000,0
20072,魔法护盾,322,0,0,0,0,0,0,1,,,,0,20,2000,0
20073,叉状闪电,324,0,0,0,0,0,0,1,,,,1,20,2000,0
20074,霜冻之箭,321,0,0,0,0,0,0,1,,,,0,20,2000,0
20075,龙卷风,321,0,0,0,0,0,0,1,,,,0,20,2000,0
20076,恐怖嚎叫,57,0,0,0,0,0,0,1,,,,1,20,2000,0
20077,火焰雨,56,0,0,0,0,0,0,1,,,,0,20,2000,0
20078,分裂攻击,58,0,0,0,0,0,0,1,,,,1,20,2000,0
20079,毁灭,55,0,0,0,0,0,0,1,,,,0,20,2000,0
20080,火焰呼吸,55,0,0,0,0,0,0,1,,,,0,20,2000,0
20081,醉拳,272,0,50,780,78,0,0,1,2,,0,0,20,2000,0
20082,醉酒云雾,271,0,75,0,0,2800,280,1,2,,0,0,20,2000,0
20083,火土风暴,269,0,0,0,0,0,0,1,2,,0,0,20,2000,0
20084,黑暗之箭,270,3,0,0,0,0,0,1,2,,0,0,20,2000,0
20085,沉默魔法,269,3,0,0,0,0,0,1,2,,0,0,20,2000,0
20086,符咒,230,3,0,0,0,0,0,1,,,,,20,2000,0
20087,医疗气雾,319,3,0,0,0,0,0,1,,,,,20,2000,0
20088,酸性炸弹,320,3,0,0,0,0,0,1,,,,,20,2000,0
20089,化学风暴,318,3,0,0,0,0,0,1,,,,,20,2000,0
20090,点金术,334,3,0,0,0,0,0,1,,,,,20,2000,0
20091,燃灰,334,3,0,0,0,0,0,1,,,,,20,2000,0
20092,灵魂燃烧,225,3,0,0,0,0,0,1,,,,,20,2000,0
20093,召唤炎魔,224,3,0,0,0,0,0,1,,,,,20,2000,0
20094,火山爆发,223,3,0,0,0,0,0,1,,,,,20,2000,0
20095,死亡缠绕,222,3,,,,,,1,,,,,20,2000,0
20096,霜之哀伤,222,3,,,,,,1,,,,,20,2000,0
20097,无光之盾,220,3,,,,,,1,,,,,20,2000,0
20098,回光返照,221,3,,,,,,1,,,,,20,2000,0
20099,回光返照,219,3,,,,,,1,,,,,20,2000,0
20100,震撼大地,218,3,,,,,,1,,,,,20,2000,0
20101,怒意狂击,218,3,,,,,,1,2,,0,0,20,2000,0
20102,超强力量,159,3,,,,,,1,2,,0,0,20,2000,0
20103,激怒,158,3,,,,,,1,2,,0,0,20,2000,0
20104,超强力量,157,3,,,,,,1,2,,0,0,20,2000,0
20105,变体攻击,156,3,,,,,,1,2,,0,0,20,2000,0
20106,波浪形态,156,3,,,,,,1,,,0,0,20,2000,0
20107,元素之力,255,3,,,,,,1,,,,0,20,2000,0
20108,幻象攻击,256,3,,,,,,1,,,,0,20,2000,0
20109,幻象攻击,257,3,,,,,,1,,,,0,20,2000,0
20110,黑暗契约,254,3,,,,,,1,,,,0,20,2000,0
20111,突袭,254,3,,,,,,1,,,0,0,20,2000,0
20112,远古咒术,212,3,,,,,,1,1,,0,0,20,2000,0
20113,能量守卫,211,3,,,,,,1,,,0,0,20,2000,0
20114,能量守卫,213,3,,,,,,1,,,0,0,20,2000,0
20115,剑刃风暴,214,3,,,,,,1,,,0,0,20,2000,0
20116,治疗守卫,215,3,,,,,,1,2,,0,1,20,2000,0
20117,狂暴,216,3,,,,,,1,2,,0,0,20,2000,0
20118,无敌斩,217,3,,,,,,1,2,,0,0,20,2000,0
20119,狂暴,218,3,,,,,,1,2,,0,0,20,2000,0
20120,月蚀,219,3,,,,,,1,2,,0,0,20,2000,0
20121,月光,220,3,,,,,,1,2,,0,0,20,2000,0
20122,月之祝福,221,3,,,,,,1,2,,0,,20,2000,0
20123,月刃,222,3,,,,,,1,2,,0,0,20,2000,0
20124,月刃,223,3,,,,,,1,2,,0,1,20,2000,0
20125,散弹,224,3,,,,,,1,2,,0,1,20,2000,0
20126,爆头,225,3,,,,,,1,1,,0,0,20,2000,0
20127,瞄准,226,3,,,,,,1,2,,0,0,20,2000,0
20128,暗杀,227,3,,,,,,1,2,,0,0,20,2000,0
20129,暗杀,228,3,,,,,,1,1,,0,0,20,2000,0
20130,毒刃,229,3,,,,,,1,2,,0,0,20,2000,0
20131,暗杀,230,3,,,,,,1,,,,1,20,2000,0
20132,飞镖,231,3,,,,,,1,,,,1,20,2000,0
20133,双刀斩,232,3,,,,,,1,,,,0,20,2000,0
20134,双刀斩,233,3,,,,,,1,,,,0,20,2000,0
20135,法力虚空,234,3,,,,,,1,,,,0,20,2000,0
20136,法术护盾,235,3,,,,,,1,,,,,20,2000,0
20137,心眼,236,3,,,,,,1,,,,,20,2000,0
20138,闪烁,237,3,,,,,,1,,,,,20,2000,0
20139,心眼,238,3,,,,,,1,,,,,20,2000,0
20140,沉默之击,239,1,,,,,,1,,,,,20,2000,0
20141,万箭齐发,240,1,,,,,,1,2,,0,0,20,2000,0
20142,破甲弓,241,1,,,,,,1,2,,0,0,20,2000,0
20143,箭破苍穹,242,1,,,,,,1,2,,0,0,20,2000,0
20144,破甲弓,243,1,,,,,,1,2,,0,0,20,2000,0
20145,幻影之锋,244,1,,,,,,1,2,,0,0,20,2000,0
20146,灵魂之矛,245,1,,,,,,1,2,,0,1,20,2000,0
20147,真假猴王,246,1,,,,,,1,2,,0,0,20,2000,0
20148,幻象一击,247,1,,,,,,1,2,,0,0,20,2000,0
20149,幻象一击,248,1,,,,,,1,2,,0,1,20,2000,0
20150,星火之刃,249,1,,,,,,1,2,,0,0,20,2000,0
20151,群星坠落,250,1,,,,,,1,2,,0,0,20,2000,0
20152,跳跃,251,1,,,,,,1,2,,0,0,20,2000,0
20153,月之暗面,252,1,,,,,,1,2,,0,0,20,2000,0
20154,月之暗面,253,1,,,,,,1,2,,0,1,20,2000,0
20155,折光,254,1,,,,,,1,2,,0,0,20,2000,0
20156,刺杀,255,1,,,,,,1,2,,0,1,20,2000,0
20157,灵能之刃,256,1,,,,,,1,2,,0,0,20,2000,0
20158,灵能陷阱,257,1,,,,,,1,2,,0,0,20,2000,0
20159,灵能陷阱,258,1,,,,,,1,2,,0,0,20,2000,0
20160,残影,259,1,,,,,,1,2,,0,0,20,2000,0
20161,电子涡流,260,1,,,,,,1,,,,0,20,2000,0
20162,超负荷,261,1,,,,,,1,,,,0,20,2000,0
20163,球状闪电,262,1,,,,,,1,,,,1,20,2000,0
20164,球状闪电,263,1,,,,,,1,,,,0,20,2000,0
20165,幻象法球,264,1,,,,,,1,,,,0,20,2000,0
20166,新月之痕,265,1,,,,,,1,2,,0,0,20,2000,0
20167,相位转移,266,1,,,,,,1,2,,0,0,20,2000,0
20168,梦境缠绕,267,1,,,,,,1,2,,0,0,20,2000,0
20169,梦境缠绕,268,1,,,,,,1,2,,0,0,20,2000,0
20170,霜冻新星,269,1,,,,,,1,2,,0,0,20,2000,0
20171,冰霜护甲,270,1,,,,,,1,2,,0,0,20,2000,0
20172,邪恶祭祀,271,1,,,,,,1,2,,0,0,20,2000,0
20173,连环霜冻,272,1,,,,,,1,,,,,20,2000,0
20174,连环霜冻,273,1,,,,,,1,2,,0,0,20,2000,0
20175,神蚀,274,1,,,,,,1,2,,0,0,20,2000,0
20176,奥弹,275,1,,,,,,1,2,,0,0,20,2000,0
20177,通灵,276,1,,,,,,1,2,,0,0,20,2000,0
20178,禁锢,277,1,,,,,,1,,,,,20,2000,0
20179,禁锢,278,1,,,,,,1,2,,0,0,20,2000,0
20180,致命连接,279,1,,,,,,1,2,,0,0,20,2000,0
20181,暗言术,280,1,,,,,,1,,,,,20,2000,0
20182,剧变,281,1,,,,,,1,,,,,20,2000,0
20183,混乱之雨,282,1,,,,,,1,,,,,20,2000,0
20184,混乱之雨,283,1,,,,,,1,,,,,20,2000,0
20185,暗影突袭,284,1,,,,,,1,,,,,20,2000,0
20186,暗影闪烁,285,1,,,,,,1,2,,0,0,20,2000,0
20187,女王魅影,286,1,,,,,,1,1,,0,0,20,2000,0
20188,超声冲击,287,1,,,,,,1,2,,1,1,20,2000,0
20189,女王魅影,288,1,,,,,,1,2,,0,0,20,2000,0
20190,激光,289,1,,,,,,1,1,,0,0,20,2000,0
20191,导弹追踪,290,1,,,,,,1,2,,0,0,20,2000,0
20192,炮塔打击,291,1,,,,,,1,2,,0,0,20,2000,0
20193,再装填,292,1,,,,,,1,2,,0,1,20,2000,0
20194,再装填,293,1,,,,,,1,2,,0,0,20,2000,0
20195,强袭飓风,294,1,,,,,,1,2,,0,0,20,2000,0
20196,寒冰之墙,295,1,,,,,,1,2,,0,0,20,2000,0
20197,天火陨石,296,1,,,,,,1,2,,0,1,20,2000,0
20198,超震声波,297,1,,,,,,1,2,,0,0,20,2000,0
20199,超震声波,298,1,,,,,,1,1,,1,0,20,2000,0
20200,束缚箭,299,1,,,,,,1,2,,0,0,20,2000,0
20201,箭雨,300,1,,,,,,1,2,,0,0,20,2000,0
20202,风行,301,1,,,,,,1,2,,0,1,20,2000,0
20203,集中火力,302,1,,,,,,1,2,,0,0,20,2000,0
20204,风行,303,1,,,,,,1,2,,0,0,20,2000,0
20205,雷击,304,1,,,,,,1,2,,0,0,20,2000,0
20206,弧形闪电,305,1,,,,,,1,2,,0,0,20,2000,0
20207,静电场,306,1,,,,,,1,2,,0,1,20,2000,0
20208,雷霆万钧,307,1,,,,,,1,2,,0,0,20,2000,0
20209,静电场,308,1,,,,,,1,2,,0,0,20,2000,0
20210,发芽,309,1,,,,,,1,2,,0,0,20,2000,0
20211,传送,310,1,,,,,,1,,,,,20,2000,0
20212,自然之力,311,1,,,,,,1,,,,,20,2000,0
20213,自然之怒,312,1,,,,,,1,,,,,20,2000,0
20214,自然之怒,313,1,,,,,,1,,,,,20,2000,0
20215,暗影波,314,1,,,,,,1,,,,,20,2000,0
20216,薄葬,315,1,,,,,,1,,,,,20,2000,0
20217,毒指,316,1,,,,,,1,,,,,20,2000,0
20218,编织,317,1,,,,,,1,,,,,20,2000,0
20219,编织,318,1,,,,,,1,,,,,20,2000,0
20220,复苏,319,1,,,,,,1,,,,,20,2000,0
20221,推进,320,1,,,,,,1,,,,1,20,2000,0
20222,魅惑,321,1,,,,,,1,,,,0,20,2000,0
20223,自然气息,322,1,,,,,,1,,,,0,20,2000,0
20224,自然气息,323,1,,,,,,1,,,,0,20,2000,0
20225,死亡气息,324,1,,,,,,1,,,,0,20,2000,0
20226,邪恶魔法,325,1,,,,,,1,2,,0,0,20,2000,0
20227,竭心光环,326,1,,,,,,1,2,,0,0,20,2000,0
20228,邪恶召唤,327,1,,,,,,1,2,,0,0,20,2000,0
20229,邪恶魔法,328,1,,,,,,1,2,,0,0,20,2000,0
20230,回音重踏,329,1,,,,,,1,2,,0,0,20,2000,0
20231,先祖之魂,330,1,,,,,,1,2,,0,0,20,2000,0
20232,自然秩序,331,1,,,,,,1,2,,0,1,20,2000,0
20233,裂地者,332,1,,,,,,1,2,,0,0,20,2000,0
20234,裂地者,333,1,,,,,,1,2,,0,1,20,2000,0
20235,怒击,334,1,,,,,,1,2,,0,1,20,2000,0
20236,治疗,335,1,,,,,,1,2,,0,0,20,2000,0
20237,斧头攻击,336,1,,,,,,1,2,,0,0,20,2000,0
20238,怒击,337,1,,,,,,1,2,,0,0,20,2000,0
20239,雷击,338,1,,,,,,1,2,,0,1,20,2000,0
20240,暴风,339,1,,,,,,1,2,,0,1,20,2000,0
20241,天崩地裂,340,1,,,,,,1,,,,0,20,2000,0
20242,地刺,341,1,,,,,,1,,,,0,20,2000,0
20243,捶地,342,1,,,,,,1,,,,0,20,2000,0
20244,踏地,343,1,,,,,,1,,,,0,20,2000,0
20245,陨石,344,1,,,,,,1,,,,0,20,2000,0
20246,地刺,345,1,,,,,,1,,,,1,20,2000,0
20247,天崩地裂,346,1,,,,,,1,,,,0,20,2000,0
20248,加血效果,347,1,,,,,,1,,,,0,20,2000,0
20249,加血效果,348,1,,,,,,1,,,,0,20,2000,0
20250,加血效果,349,1,,,,,,1,,,,0,20,2000,0
20251,跳刀闪烁,350,1,,,,,,1,2,,0,0,20,2000,0
20252,巨浪,351,1,,,,,,1,2,,0,0,20,2000,0
20253,海妖外壳,352,1,,,,,,1,2,,0,0,20,2000,0
20254,锚击,353,1,,,,,,1,2,,0,0,20,2000,0
20255,毁灭,354,1,,,,,,1,2,,0,0,20,2000,0
20256,毁灭,355,1,,,,,,1,,,,1,20,2000,0
20257,龙息,356,1,,,,,,1,,,,0,20,2000,0
20258,神龙在天,357,1,,,,,,1,,,,0,20,2000,0
20259,龙族血统,358,1,,,,,,1,,,,0,20,2000,0
20260,真龙之身,359,1,,,,,,1,,,,0,20,2000,0
20261,,360,1,,,,,,1,2,,0,1,20,2000,0
20262,龙息,361,1,,,,,,1,2,,0,0,20,2000,0
20263,神龙在天,362,1,,,,,,1,2,,0,0,20,2000,0
20264,龙族血统,363,1,,,,,,1,2,,0,1,20,2000,0
20265,真龙之身,364,1,,,,,,1,2,,0,1,20,2000,0
20266,真龙之身,365,1,,,,,,1,2,,0,1,20,2000,0
20267,淘汰之刃,366,1,,,,,,1,2,,0,0,20,2000,0
20268,狂战士的怒吼,367,1,,,,,,1,2,,0,0,20,2000,0
20269,反击螺旋,368,1,,,,,,1,2,,0,0,20,2000,0
20270,狂人战士,369,1,,,,,,1,2,,0,0,20,2000,0
20271,战争饥渴,370,1,,,,,,1,2,,0,0,20,2000,0
20272,沟壑,371,1,,,,,,1,2,,0,0,20,2000,0
20273,加强图腾,372,1,,,,,,1,2,,0,0,20,2000,0
20274,回音击,373,1,,,,,,1,2,,0,0,20,2000,0
20275,神牛,374,1,,,,,,1,2,,0,0,20,2000,0
20276,神牛,375,1,,,,,,1,2,,0,0,20,2000,0
20277,幽灵船,376,1,,,,,,1,2,,0,0,20,2000,0
20278,洪流,377,1,,,,,,1,2,,0,0,20,2000,0
20279,退潮,378,1,,,,,,1,2,,0,0,20,2000,0
20280,潮汐之怒,379,1,,,,,,1,2,,0,0,20,2000,0
20281,潮汐之怒,380,1,,,,,,1,2,,0,0,20,2000,0
20282,风暴之锤,381,1,,,,,,1,2,,0,0,20,2000,0
20283,战吼,382,1,,,,,,1,2,,0,0,20,2000,0
20284,雷霆挥击,383,1,,,,,,1,2,,0,0,20,2000,0
20285,神之力,384,1,,,,,,1,2,,0,0,20,2000,0
20286,巨力,385,1,,,,,,1,1,,1,0,20,2000,0
20287,奔袭冲撞,386,1,,,,,,1,,,0,0,20,2000,0
20288,荆棘光环,387,1,,,,,,1,,,0,1,20,2000,0
20289,马蹄践踏,388,1,,,,,,1,,,0,0,20,2000,0
20290,暴走,389,1,,,,,,1,,,0,0,20,2000,0
20291,暴走,390,1,,,,,,1,2,2,0,1,20,2000,0
20292,洗礼,391,1,,,,,,1,2,,0,0,20,2000,0
20293,信仰圣光,392,1,,,,,,1,2,,0,0,20,2000,0
20294,退化光环,393,1,,,,,,1,2,2,0,0,20,2000,0
20295,守护天使,394,1,,,,,,1,2,,0,0,20,2000,0
20296,守护天使,395,1,,,,,,1,2,,0,1,20,2000,0
20297,原始咆哮,396,1,,,,,,1,2,,0,1,20,2000,0
20298,野性之斧,397,1,,,,,,1,2,,0,0,20,2000,0
20299,野性之心,398,1,,,,,,1,2,,0,1,20,2000,0
20300,野性之力,399,1,,,,,,1,2,,0,1,20,2000,0
20301,野性之力,400,1,,,,,,1,2,,0,0,20,2000,0
20302,酸性喷雾,401,1,,,,,,1,2,,0,0,20,2000,0
20303,不稳定物,402,1,,,,,,1,2,,0,0,20,2000,0
20304,地精贪婪,403,1,,,,,,1,2,,0,0,20,2000,0
20305,超级新星,404,1,,,,,,1,2,,0,0,20,2000,0
20306,超级新星,405,1,,,,,,1,2,,0,0,20,2000,0
20307,冥火暴击,406,1,,,,,,1,2,1,0,0,20,2000,0
20308,吸血光环,407,1,,,,,,1,2,1,0,0,20,2000,0
20309,致命一击,408,1,,,,,,1,2,,0,0,20,2000,0
20310,重生,409,1,,,,,,1,2,,0,0,20,2000,0
20311,重生,410,1,,,,,,1,2,,0,0,20,2000,0
20312,末日,411,1,,,,,,1,2,,0,0,20,2000,0
20313,焦土,412,1,,,,,,1,2,,0,0,20,2000,0
20314,熔岩,413,1,,,,,,1,2,,0,0,20,2000,0
20315,杀戮,414,1,,,,,,1,2,,0,0,20,2000,0
20316,杀戮,415,1,,,,,,1,2,,0,0,20,2000,0
20317,鱼人碎击,416,1,,,,,,1,2,,0,0,20,2000,0
20318,三叉戟,417,1,,,,,,1,2,,0,0,20,2000,0
20319,重击,418,1,,,,,,1,2,,0,0,20,2000,0
20320,伤害加深,419,1,,,,,,1,2,,0,0,20,2000,0
20321,伤害加深,420,1,,,,,,1,2,,0,1,20,2000,0
20322,雷霆一击,421,1,,,,,,1,2,,0,0,20,2000,0
20323,醉酒云雾,422,1,,,,,,1,2,,0,0,20,2000,0
20324,醉步,423,1,,,,,,1,2,,0,0,20,2000,0
20325,元素分离,424,1,,,,,,1,2,,0,0,20,2000,0
20326,元素分离,425,1,,,,,,1,2,,0,0,20,2000,0
20327,火焰爆轰,426,1,,,,,,1,2,,0,0,20,2000,0
20328,引燃,427,1,,,,,,1,2,,0,0,20,2000,0
20329,嗜血,428,1,,,,,,1,2,,0,1,20,2000,0
20330,多重施法,429,1,,,,,,1,2,,0,0,20,2000,0
20331,多重施法,430,1,,,,,,1,2,,0,0,20,2000,0
20332,残影,431,1,,,,,,1,2,,0,0,20,2000,0
20333,电子涡流,432,1,,,,,,1,2,,0,0,20,2000,0
20334,超负荷,433,1,,,,,,1,2,,0,1,20,2000,0
20335,球状闪电,434,1,,,,,,1,2,,0,0,20,2000,0
20336,球状闪电,435,1,,,,,,1,2,,0,0,20,2000,0
20337,幻象法球,436,1,,,,,,1,2,,0,0,20,2000,0
20338,新月之痕,437,1,,,,,,1,2,,0,1,20,2000,0
20339,相位转移,438,1,,,,,,1,2,,0,1,20,2000,0
20340,梦境缠绕,439,1,,,,,,1,2,,0,1,20,2000,0
20341,梦境缠绕,440,1,,,,,,1,2,,0,0,20,2000,0
20342,霜冻新星,441,1,,,,,,1,2,,0,0,20,2000,0
20343,冰霜护甲,442,1,,,,,,1,2,,0,1,20,2000,0
20344,邪恶祭祀,443,1,,,,,,1,2,,0,0,20,2000,0
20345,连环霜冻,444,1,,,,,,1,2,,0,1,20,2000,0
20346,连环霜冻,445,1,,,,,,1,2,,0,0,20,2000,0
20347,神蚀,446,1,,,,,,1,2,,0,0,20,2000,0
20348,奥弹,447,1,,,,,,1,2,,0,1,20,2000,0
20349,通灵,448,1,,,,,,1,,,,0,20,2000,0
20350,禁锢,449,1,,,,,,1,,,,0,20,2000,0
20351,禁锢,450,1,,,,,,1,,,,0,20,2000,0
20352,致命连接,451,1,,,,,,1,,,,1,20,2000,0
20353,暗言术,452,1,,,,,,1,,,,1,20,2000,0
20354,剧变,453,1,,,,,,1,,,,0,20,2000,0
20355,混乱之雨,454,1,,,,,,1,,,,1,20,2000,0
20356,混乱之雨,455,1,,,,,,1,,,,0,20,2000,0
20357,暗影突袭,456,1,,,,,,1,,,,0,20,2000,0
20358,暗影闪烁,457,1,,,,,,1,,,0,0,20,2000,0
20359,女王魅影,458,1,,,,,,1,,,0,0,20,2000,0
20360,超声冲击,459,1,,,,,,1,,,0,0,20,2000,0
20361,超声冲击,460,1,,,,,,1,,,0,0,20,2000,0
20362,激光,461,1,,,,,,1,,,0,0,20,2000,0
20363,导弹追踪,462,1,,,,,,1,2,,0,1,20,2000,0
20364,炮塔打击,463,1,,,,,,1,2,,0,0,20,2000,0
20365,再装填,464,1,,,,,,1,2,,0,0,20,2000,0
20366,再装填,465,1,,,,,,1,2,,0,0,20,2000,0
20367,强袭飓风,466,1,,,,,,1,2,,0,0,20,2000,0
20368,寒冰之墙,467,1,,,,,,1,,,,1,20,2000,0
20369,天火陨石,468,1,,,,,,1,,,,0,20,2000,0
20370,超震声波,469,1,,,,,,1,,,,,20,2000,0
20371,超震声波,470,1,,,,,,1,,,,0,20,2000,0
20372,束缚箭,471,1,,,,,,1,,,,0,20,2000,0
20373,箭雨,472,1,,,,,,1,2,,0,1,20,2000,0
20374,风行,473,1,,,,,,1,2,,0,0,20,2000,0
20375,集中火力,474,1,,,,,,1,2,,0,0,20,2000,0
20376,集中火力,475,1,,,,,,1,2,,0,0,20,2000,0
20377,弧形闪电,476,1,,,,,,1,2,,0,0,20,2000,0
20378,闪电链击,477,1,,,,,,1,0,,0,1,20,2000,0
20379,静电场,478,1,,,,,,1,,,,0,20,2000,0
20380,雷霆万钧,479,1,,,,,,1,,,,1,20,2000,0
20381,雷霆万钧,480,1,,,,,,1,,,,0,20,2000,0
20382,发芽,481,1,,,,,,1,,,,0,20,2000,0
20383,传送,482,1,,,,,,1,,,,1,20,2000,0
20384,自然之力,483,1,,,,,,1,,,,0,20,2000,0
20385,自然之怒,484,1,,,,,,1,,,,1,20,2000,0
20386,自然之怒,485,1,,,,,,1,,,,0,20,2000,0
20387,暗影波,486,1,,,,,,1,,,,0,20,2000,0
20388,薄葬,487,1,,,,,,1,2,,0,0,20,2000,0
20389,毒指,488,1,,,,,,1,2,,0,0,20,2000,0
20390,编织,489,1,,,,,,1,2,,0,0,20,2000,0
20391,编织,490,1,,,,,,1,2,,0,0,20,2000,0
20392,复苏,491,1,,,,,,1,2,,0,0,20,2000,0
20393,推进,492,1,,,,,,1,,,,,20,2000,0
20394,魅惑,493,1,,,,,,1,,,,,20,2000,0
20395,自然气息,494,1,,,,,,1,,,,,20,2000,0
20396,自然气息,495,1,,,,,,1,,,,,20,2000,0
20397,死亡气息,496,1,,,,,,1,,,,,20,2000,0
20398,死亡脉冲,497,1,,,,,,1,,,,,20,2000,0
20399,竭心光环,498,1,,,,,,1,,,,,20,2000,0
20400,邪恶召唤,499,1,,,,,,1,,,,,20,2000,0
20401,邪恶召唤,500,1,,,,,,1,,,,,20,2000,0
20402,回音重踏,501,1,,,,,,1,,,,,20,2000,0
20403,先祖之魂,502,1,,,,,,1,,,,,20,2000,0
20404,自然秩序,503,1,,,,,,1,,,,,20,2000,0
20405,裂地者,504,1,,,,,,1,,,,,20,2000,0
20406,裂地者,505,1,,,,,,1,,,,,20,2000,0
20407,寒冰突刺,506,1,,,,,,1,,,,,20,2000,0
20408,元素召唤,507,1,,,,,,1,2,,0,0,20,2000,0
20409,寒冰屏障,508,1,,,,,,1,2,,0,0,20,2000,0
20410,潜能透支,509,1,,,,,,1,2,,0,0,20,2000,0
20411,冰霜桎梏,510,1,,,,,,1,2,,0,0,20,2000,0
20412,寒冰突刺,511,1,,,,,,1,2,,0,0,20,2000,0
20413,元素召唤,512,1,,,,,,1,,,0,0,20,2000,0
20414,寒冰屏障,513,1,,,,,,1,,,,0,20,2000,0
20415,潜能透支,514,1,,,,,,1,,,,0,20,2000,0
20416,冰霜桎梏,515,1,,,,,,1,,,,0,20,2000,0
20417,巨浪,516,1,,,,,,1,,,,0,20,2000,0
20418,海妖外壳,517,1,,,,,,1,,,0,0,20,2000,0
20419,锚击,518,1,,,,,,1,1,,0,0,20,2000,0
20420,毁灭,519,1,,,,,,1,,,0,0,20,2000,0
20421,海妖外壳,520,1,,,,,,1,,,0,0,20,2000,0
20422,龙息,521,1,,,,,,1,,,0,0,20,2000,0
20423,神龙摆尾,522,1,,,,,,1,2,,0,1,20,2000,0
20424,龙族血统,523,1,,,,,,1,2,,0,0,20,2000,0
20425,真龙之身,524,1,,,,,,1,2,,0,0,20,2000,0
20426,龙族血统,525,1,,,,,,1,2,,0,0,20,2000,0
20427,龙息,526,1,,,,,,1,2,,0,0,20,2000,0
20428,神龙摆尾,527,1,,,,,,1,2,,0,0,20,2000,0
20429,龙族血统,528,1,,,,,,1,2,,0,,20,2000,0
20430,真龙之身,529,1,,,,,,1,2,,0,0,20,2000,0
20431,龙族血统,530,1,,,,,,1,2,,0,1,20,2000,0
20432,淘汰之刃,531,1,,,,,,1,2,,0,1,20,2000,0
20433,怒吼,532,1,,,,,,1,1,,0,0,20,2000,0
20434,反击螺旋,533,1,,,,,,1,2,,0,0,20,2000,0
20435,战争饥渴,534,1,,,,,,1,2,,0,0,20,2000,0
20436,狂人战士,535,1,,,,,,1,1,,0,0,20,2000,0
20437,沟壑,536,1,,,,,,1,2,,0,0,20,2000,0
20438,加强图腾,537,1,,,,,,1,,,,1,20,2000,0
20439,回音击,538,1,,,,,,1,,,,1,20,2000,0
20440,神牛,539,1,,,,,,1,,,,0,20,2000,0
20441,神牛,540,1,,,,,,1,,,,0,20,2000,0
20442,幽灵船,541,1,,,,,,1,,,,0,20,2000,0
20443,洪流,542,1,,,,,,1,,,,,20,2000,0
20444,退潮,543,1,,,,,,1,,,,,20,2000,0
20445,潮汐使者,544,1,,,,,,1,,,,,20,2000,0
20446,潮汐之怒,545,1,,,,,,1,,,,,20,2000,0
20447,风暴之锤,546,1,,,,,,1,,,,,20,2000,0
20448,战吼,547,1,,,,,,1,2,,0,0,20,2000,0
20449,雷霆挥击,548,1,,,,,,1,2,,0,0,20,2000,0
20450,神之力,549,1,,,,,,1,2,,0,0,20,2000,0
20451,巨刃,550,1,,,,,,1,2,,0,0,20,2000,0
20452,奔袭冲撞,551,1,,,,,,1,2,,0,0,20,2000,0
20453,荆棘光环,552,1,,,,,,1,2,,0,1,20,2000,0
20454,马蹄践踏,553,1,,,,,,1,2,,0,0,20,2000,0
20455,暴走,554,1,,,,,,1,2,,0,0,20,2000,0
20456,暴走,555,1,,,,,,1,2,,0,1,20,2000,0
20457,洗礼,556,1,,,,,,1,2,,0,0,20,2000,0
20458,信仰圣光,557,1,,,,,,1,2,,0,0,20,2000,0
20459,退化光环,558,1,,,,,,1,2,,0,0,20,2000,0
20460,守护天使,559,1,,,,,,1,2,,0,0,20,2000,0
20461,信仰圣光,560,1,,,,,,1,2,,0,1,20,2000,0
20462,原始咆哮,561,1,,,,,,1,2,,0,0,20,2000,0
20463,野性之斧,562,1,,,,,,1,2,,0,1,20,2000,0
20464,野性之心,563,1,,,,,,1,2,,0,0,20,2000,0
20465,野性之力,564,1,,,,,,1,2,,0,0,20,2000,0
20466,野性之力,565,1,,,,,,1,2,,0,0,20,2000,0
20467,酸性喷雾,566,1,,,,,,1,2,,0,0,20,2000,0
20468,不稳定物,567,1,,,,,,1,,,,0,20,2000,0
20469,地精贪婪,568,1,,,,,,1,,,,0,20,2000,0
20470,超级新星,569,1,,,,,,1,,,,1,20,2000,0
20471,超级新星,570,1,,,,,,1,,,,0,20,2000,0
20472,冥火暴击,571,1,,,,,,1,,,,0,20,2000,0
20473,吸血光环,572,1,,,,,,1,2,,0,0,20,2000,0
20474,致命一击,573,1,,,,,,1,2,,0,0,20,2000,0
20475,重生,574,1,,,,,,1,2,,0,0,20,2000,0
20476,致命一击,575,1,,,,,,1,2,,0,0,20,2000,0
20477,末日,576,1,,,,,,1,2,,0,0,20,2000,0
20478,焦土,577,1,,,,,,1,2,,0,0,20,2000,0
20479,熔岩,578,1,,,,,,1,2,,0,0,20,2000,0
20480,杀戮,579,1,,,,,,1,,,,,20,2000,0
20481,杀戮,580,1,,,,,,1,2,,0,0,20,2000,0
20482,鱼人碎击,581,1,,,,,,1,2,,0,0,20,2000,0
20483,三叉戟,582,1,,,,,,1,2,,0,0,20,2000,0
20484,重击,583,1,,,,,,1,2,,0,0,20,2000,0
20485,伤害加深,584,1,,,,,,1,,,,,20,2000,0
20486,伤害加深,585,1,,,,,,1,2,,0,0,20,2000,0
20487,雷霆一击,586,1,,,,,,1,2,,0,0,20,2000,0
20488,醉酒云雾,587,1,,,,,,,,,,,20,2000,0
